code,name
00001,長和
00002,中電控股
00003,香港中華煤氣
00004,九龍倉集團
00005,匯豐控股
00006,電能實業
00007,智富資源投資
00008,電訊盈科
00009,金奧國際
00010,恒隆集團
00011,恒生銀行
00012,恒基地產
00013,和黃醫藥
00014,希慎興業
00016,新鴻基地產
00017,新世界發展
00018,東方企控集團
00019,太古股份公司Ａ
00020,商湯－Ｗ
00021,大中華控股
00022,茂盛控股
00023,東亞銀行
00025,CHEVALIER INT'L
00026,中華汽車
00027,銀河娛樂
00028,天安
00029,達力集團
00030,雲白國際
00031,航天控股
00032,港通控股
00033,INTL GENIUS
00034,九龍建業
00035,遠東發展
00036,遠東控股國際
00037,遠東酒店實業
00038,第一拖拉機股份
00039,中國北大荒
00040,金山科技工業
00041,鷹君
00042,東北電氣
00045,大酒店
00046,科聯系統
00048,中國汽車內飾
00050,香港小輪（集團）
00051,海港企業
00052,大快活集團
00053,國浩集團
00055,中星集團控股
00057,震雄集團
00058,新威國際
00059,天譽置業
00060,香港食品投資
00061,綠領控股
00062,載通
00063,中亞烯谷集團
00064,結好控股
00065,弘海高新資源
00066,港鐵公司
00069,香格里拉（亞洲）
00070,金粵控股
00071,美麗華酒店
00072,超媒體控股
00073,亞洲果業
00075,渝太地產
00076,誼礫控股
00077,進智公共交通
00078,REGAL INT'L
00079,世紀建業
00080,中國新經濟投資
00081,中國海外宏洋集團
00082,瘋狂體育
00083,信和置業
00084,寶光實業
00085,中電華大科技
00086,新鴻基公司
00087,太古股份公司Ｂ
00088,TAI CHEUNG HOLD
00089,大生地產
00090,普星能量
00092,冠軍科技集團
00093,零在科技金融
00094,綠心集團
00095,綠景中國地產
00096,YUSEI
00097,恒基發展
00098,興發鋁業
00099,王氏國際
00101,恒隆地產
00103,首佳科技
00104,ASIA COMM HOLD
00105,凱聯國際酒店
00106,朗詩綠色管理
00107,四川成渝高速公路
00108,國銳生活
00110,中國長遠
00111,信達國際控股
00113,迪生創建
00114,HERALD HOLD
00115,鈞濠集團
00116,周生生
00117,天利控股集團
00118,大同機械
00119,保利置業集團
00120,COSMOPOL INT'L
00122,鱷魚恤
00123,越秀地產
00124,粵海置地
00125,新興光學
00126,佳寧娜
00127,華人置業
00128,安寧控股
00129,泛海集團
00130,慕詩國際
00131,卓能（集團）
00132,興業控股
00133,招商局中國基金
00135,昆侖能源
00136,中國儒意
00137,金輝集團
00138,中建富通
00142,第一太平
00144,招商局港口
00145,信能低碳
00146,TAI PING CARPET
00147,國際商業結算
00148,建滔集團
00149,中國農產品交易
00150,HYPEBEAST
00151,中國旺旺
00152,深圳國際
00154,北京控股環境集團
00156,力寶華潤
00157,自然美
00158,萬邦投資
00159,布萊克萬礦業
00160,漢國置業
00162,世紀金花
00163,英皇國際
00164,中國寶力科技
00165,中國光大控股
00166,新時代集團控股
00167,IDT INT'L
00168,青島啤酒股份
00169,萬達酒店發展
00171,銀建國際
00173,嘉華國際
00174,盛洋投資
00175,吉利汽車
00176,先機企業集團
00177,江蘇寧滬高速公路
00178,莎莎國際
00179,德昌電機控股
00180,開達集團
00181,閩港控股
00182,協合新能源
00183,宏輝集團
00184,激成投資
00185,正商實業
00186,敏捷控股
00187,京城機電股份
00188,新華匯富金融
00189,東岳集團
00191,麗新國際
00193,冠中地產
00194,廖創興企業
00195,綠科科技國際
00196,宏華集團
00197,亨泰
00199,德祥地產
00200,新濠國際發展
00201,華大酒店
00202,潤中國際控股
00204,資本界金控
00205,財訊傳媒
00206,華商能源
00207,大悅城地產
00209,瀛晟科學
00210,達芙妮國際
00211,STYLAND HOLD
00212,NANYANG HOLD
00213,NATIONAL ELEC H
00214,匯漢控股
00215,和記電訊香港
00216,建業實業
00217,中國誠通發展集團
00218,申萬宏源香港
00219,順豪物業
00220,統一企業中國
00222,閩信集團
00223,易生活控股
00224,建生國際
00225,博富臨置業
00227,第一上海
00228,中能控股
00229,利民實業
00230,五礦地產
00232,大陸航空科技控股
00234,新世紀集團
00235,中策資本控股
00236,香港生力啤
00237,安全貨倉
00239,白花油
00240,利基控股
00241,阿里健康
00242,信德集團
00243,QPL INT'L
00244,先施
00245,中薇金融
00247,TST PROPERTIES
00248,香港通訊國際控股
00251,爪哇控股
00252,華信地產財務
00253,順豪控股
00254,國家聯合資源
00255,龍記集團
00256,冠城鐘錶珠寶
00257,光大環境
00258,湯臣集團
00259,億都（國際控股）
00261,ＧＢＡ集團
00262,迪臣發展國際
00264,中聯發展控股
00265,港譽智慧城市服務
00266,天德地產
00267,中信股份
00268,金蝶國際
00269,中國資源交通
00270,粵海投資
00271,亞證地產
00272,瑞安房地產
00274,復興亞洲
00276,蒙古能源
00277,太興置業
00279,裕承科金
00280,景福集團
00285,比亞迪電子
00286,愛帝宮
00287,永發置業
00288,萬洲國際
00289,WING ON CO
00290,國富量子
00291,華潤啤酒
00293,國泰航空
00294,長江製衣
00295,江山控股
00296,英皇娛樂酒店
00297,中化化肥
00298,莊士中國
00299,寶新置地
00300,美的集團
00301,三和精化
00302,中手游
00303,VTECH HOLDINGS
00305,五菱汽車
00306,冠忠巴士集團
00308,香港中旅
00309,新華通訊頻媒
00310,嘉進投資國際
00311,聯泰控股
00312,歲寶百貨
00313,裕田中國
00314,思派健康
00315,數碼通電訊
00316,東方海外國際
00317,中船防務
00318,黃河實業
00320,金寶通
00321,德永佳集團
00322,康師傅控股
00323,馬鞍山鋼鐵股份
00325,布魯可
00326,中國星集團
00327,百富環球
00329,東建國際
00330,思捷環球
00331,豐盛生活服務
00332,元亨燃氣
00333,黛麗斯國際
00334,華顯光電
00335,美建集團
00336,華寶國際
00337,綠地香港
00338,上海石油化工股份
00339,中國科創產業投資
00340,潼關黃金
00341,大家樂集團
00343,文化傳信
00345,VITASOY INT'L
00346,延長石油國際
00347,鞍鋼股份
00348,中國智能健康
00351,亞洲能源物流
00352,富陽
00353,能源國際投資
00354,中國軟件國際
00355,世紀城市國際
00356,鼎立資本
00357,美蘭空港
00358,江西銅業股份
00360,新焦點
00361,順龍控股
00362,中國天化工
00363,上海實業控股
00365,芯成科技
00366,陸氏集團（越南）
00367,莊士機構國際
00368,德合集團
00369,永泰地產
00370,港仔機器人
00371,北控水務集團
00372,保德國際發展
00373,聯合集團
00374,四洲集團
00375,YGM TRADING
00376,雲鋒金融
00377,中國華君
00379,恒嘉融資租賃
00380,中國管業
00381,權識國際
00382,中滙集團
00383,天安卓健
00384,中國燃氣
00385,建聯集團
00386,中國石油化工股份
00387,力豐（集團）
00388,香港交易所
00389,通天酒業
00390,中國中鐵
00391,美亞娛樂資訊
00392,北京控股
00393,旭日企業
00396,興利（香港）控股
00397,嬴集團
00398,東方表行集團
00399,星太鏈集團
00400,硬蛋創新
00401,萬嘉集團
00403,星光集團
00406,有利集團
00408,葉氏化工集團
00410,ＳＯＨＯ中國
00411,南順（香港）
00412,山高控股
00413,南華集團控股
00417,謝瑞麟
00418,方正控股
00419,弘毅文化集團
00420,福田實業
00422,越南製造加工出口
00423,經濟日報集團
00425,敏實集團
00426,萬華媒體
00428,中國天弓控股
00430,東方興業控股
00431,大中華金融
00432,盈大地產
00433,北方礦業
00434,博雅互動
00436,新宇環保
00438,彩虹新能源
00439,光啟科學
00440,大新金融
00442,域能控股
00444,SINCEREWATCH HK
00450,鴻興印刷集團
00451,協鑫新能源
00455,天大藥業
00456,新城市建設發展
00458,聯亞集團
00459,鋑聯控股
00460,四環醫藥
00464,中國智能科技
00465,富通科技
00467,聯合能源集團
00468,紛美包裝
00471,中播數據
00472,新絲路文旅
00474,信銘生命科技
00475,中發展控股
00476,科軒動力控股
00480,香港興業國際
00482,聖馬丁國際
00483,包浩斯國際
00484,雲遊控股
00485,中國華星
00486,俄鋁
00487,實德環球
00488,麗新發展
00489,東風集團股份
00491,英皇文化產業
00493,國美零售
00495,PALADIN
00496,卡森國際
00497,資本策略地產
00498,藍河控股
00499,青島控股
00500,先豐服務集團
00505,興業合金
00506,中國食品
00508,鼎億集團投資
00509,世紀陽光
00510,時富金融服務集團
00511,電視廣播
00512,遠大醫藥
00513,恆和集團
00515,中華銀科技
00517,中遠海運國際
00518,同得仕（集團）
00519,諾科達科技
00520,呷哺呷哺
00521,CWT INT'L
00522,ASMPT
00524,長城天下
00525,廣深鐵路股份
00526,利時集團控股
00527,瑞風新能源
00528,金達控股
00529,SIS INT'L
00532,WKK INTL (HOLD)
00533,金利來集團
00535,金地商置
00536,貿易通
00538,味千（中國）
00540,迅捷環球控股
00542,中國文旅農業
00543,太平洋網絡
00544,大同集團
00546,阜豐集團
00547,數字王國
00548,深圳高速公路股份
00550,律齊文化
00551,裕元集團
00552,中國通信服務
00553,南京熊貓電子股份
00554,漢思集團控股
00556,泛亞環保
00557,天元醫療
00558,力勁科技
00559,德泰新能源集團
00560,珠江船務
00563,上實城市開發
00564,中創智領
00565,錦藝集團控股
00567,大昌微綫集團
00568,山東墨龍
00570,中國中藥
00571,豐德麗控股
00572,未來世界控股
00573,稻香控股
00574,百信國際
00575,勵晶太平洋
00576,浙江滬杭甬
00579,京能清潔能源
00580,賽晶科技
00581,中國東方集團
00582,神話世界
00583,長城環亞控股
00585,意力國際
00586,海螺創業
00587,海螺環保
00588,北京北辰實業股份
00589,建中建設
00590,六福集團
00591,中國高精密
00593,夢東方
00595,AV CONCEPT HOLD
00596,浪潮數字企業
00598,中國外運
00599,怡邦行控股
00601,稀鎂科技
00602,佳華百貨控股
00603,中油燃氣
00604,深圳控股
00605,中國金融投資管理
00606,中駿商管
00607,豐盛控股
00608,達利國際
00609,天德化工
00610,WAI KEE HOLD
00611,中國核能科技
00612,嘉文世紀投資公司
00613,梧桐國際
00616,高山企業
00617,百利保控股
00618,北大資源
00619,南華金融
00620,大唐西市
00621,壇金礦業
00622,威華達控股
00623,中視金橋
00626,大眾金融控股
00627,日本共生
00628,通通ＡＩ社交
00629,悅達國際控股
00630,雋泰控股
00631,三一國際
00632,中港石油
00635,彩星集團
00636,KLN
00637,利記
00639,首鋼資源
00640,星謙發展
00641,中國恒天立信國際
00643,恆富控股
00645,安域亞洲
00646,中國環保科技
00650,普達特科技
00653,卓悅控股
00655,香港華人有限公司
00656,復星國際
00657,環科國際
00658,中國高速傳動
00659,周大福創建
00660,瑋俊生物科技
00661,中國大冶有色金屬
00662,亞洲金融
00663,金山能源
00666,瑞浦蘭鈞
00667,中國東方教育
00669,創科實業
00670,中國東方航空股份
00672,眾安集團
00673,中國衛生集團
00674,中國唐商
00675,堅寶國際
00676,創信國際
00677,金源發展國際實業
00679,亞洲聯網科技
00681,中民控股
00682,超大現代
00683,嘉里建設
00684,亞倫國際
00685,世界華文媒體
00686,北京能源國際
00687,泰昇集團
00688,中國海外發展
00689,長盈集團（控股）
00690,聯康生物科技集團
00691,山水水泥
00693,陳唱國際
00694,北京首都機場股份
00695,東吳水泥
00696,中國民航信息網絡
00697,首程控股
00698,通達集團
00700,騰訊控股
00701,CNT GROUP
00702,中國油氣控股
00703,FUTURE BRIGHT
00704,和嘉控股
00707,亞洲電視控股
00708,恒大汽車
00709,佐丹奴國際
00710,京東方精電
00711,亞洲聯合基建控股
00712,卡姆丹克太陽能
00713,世界（集團）
00716,勝獅貨櫃
00717,英皇資本
00718,太和控股
00719,山東新華製藥股份
00720,意達利控股
00721,中國金融國際
00722,聯合醫務
00723,信保環球控股
00724,瑞鑫國際集團
00725,恆都集團
00726,築友智造科技
00727,皇冠環球集團
00728,中國電信
00730,首惠產業金融
00731,建發新勝
00732,信利國際
00733,合富輝煌
00736,中國置業投資
00737,灣區發展
00738,萊爾斯丹
00743,亞洲水泥（中國）
00745,中國國家文化產業
00746,理文化工
00747,瀋陽公用發展股份
00750,水發興業能源
00751,創維集團
00752,PICO FAR EAST
00753,中國國航
00754,合生創展集團
00755,大方廣瑞德
00756,森美控股
00757,陽光能源
00759,CEC INT'L HOLD
00760,新天地產集團
00762,中國聯通
00763,中興通訊
00764,永恒策略
00765,PERFECTECH INTL
00767,中基長壽科學
00768,開明投資
00769,中國稀土
00771,自動系統
00772,閱文集團
00775,長江生命科技
00776,帝國科技集團
00777,網龍
00780,同程旅行
00784,凌銳控股
00788,中國鐵塔
00789,雅天妮集團
00794,錦勝集團（控股）
00797,第七大道
00798,中電光谷
00799,IGG
00802,中國錢包
00804,鼎石資本
00805,新吉奧房車
00806,惠理集團
00807,上海實業環境
00809,大成生化科技
00810,中國鑄晨８１
00811,新華文軒
00813,世茂集團
00814,北京京客隆
00815,中國白銀集團
00816,金茂服務
00817,中國金茂
00818,高陽科技
00819,天能動力
00821,匯盈控股
00822,嘉瑞國際
00825,新世界百貨中國
00826,天工國際
00827,玖源集團
00828,王朝酒業
00829,神冠控股
00830,中國建築興業
00831,利亞零售
00832,建業地產
00833,華訊
00834,康大食品
00836,華潤電力
00837,譚木匠
00838,億和控股
00839,中教控股
00840,天業節水
00841,木薯資源
00842,理士國際
00844,廣泰國際控股
00845,恒盛地產
00846,明發集團
00848,茂業國際
00851,盛源控股
00852,海峽石油化工
00853,微創醫療
00854,威雅利
00855,中國水務
00856,偉仕佳杰
00857,中國石油股份
00858,精優藥業
00859,中昌國際控股
00860,ＡＰＯＬＬＯ出行
00861,神州控股
00862,遠見控股
00863,ＯＳＬ集團
00864,永利地產發展
00865,建德國際控股
00866,中國秦發
00867,康哲藥業
00868,信義玻璃
00869,彩星玩具
00871,中國疏浚環保
00873,世茂服務
00874,白雲山
00875,從玉智農
00876,佳兆業健康
00878,金朝陽集團
00880,澳博控股
00881,中升控股
00882,天津發展
00883,中國海洋石油
00884,旭輝控股集團
00887,英皇鐘錶珠寶
00888,貝森金融
00889,連達科技控股
00893,中國鐵鈦
00894,萬裕科技
00895,東江環保
00896,興勝創建
00897,位元堂
00898,萬事昌國際
00899,中加國信
00900,AEON CREDIT
00902,華能國際電力股份
00905,胡桃資本
00907,高雅光學
00909,明源雲
00910,中國三迪
00911,前海健康
00912,信佳國際
00913,港灣數字
00914,海螺水泥
00915,道和環球
00916,龍源電力
00917,趣致集團
00918,龍翼航空科技
00919,現代健康科技
00921,海信家電
00922,安賢園中國
00923,綜合環保集團
00924,坤集團
00926,碧生源
00927,富士高實業
00928,帝王國際投資
00929,國際精密
00931,中國港能
00932,順騰國際控股
00933,非凡領越
00934,中石化冠德
00936,佳兆業資本
00938,民生國際
00939,建設銀行
00941,中國移動
00943,中證國際
00945,宏利金融－Ｓ
00947,摩比發展
00948,阿爾法企業
00950,李氏大藥廠
00951,超威動力
00952,華富建業金融
00953,邵氏兄弟控股
00954,常茂生物
00956,新天綠色能源
00959,世紀娛樂國際
00960,龍湖集團
00966,中國太平
00968,信義光能
00969,華聯國際
00970,新耀萊
00974,中國順客隆
00975,MONGOL MINING
00976,齊合環保
00978,招商局置地
00979,綠色能源科技集團
00980,聯華超市
00981,中芯國際
00983,瑞安建業
00984,永旺
00986,杜甫酒業集團
00987,中國再生能源投資
00989,華音國際控股
00990,至源控股
00991,大唐發電
00992,聯想集團
00993,信控國際資本
00994,中天順聯
00995,安徽皖通高速公路
00997,普匯中金國際
00998,中信銀行
00999,小菜園
01000,北青傳媒
01001,滬港聯合
01002,威鋮國際
01003,歡喜傳媒
01004,中國智慧能源
01005,MATRIX HOLDINGS
01007,龍輝國際控股
01008,力圖控股
01009,國際娛樂
01010,天璽曜１１
01011,泰凌醫藥
01013,偉俊集團控股
01020,賽伯樂國際控股
01022,飛魚科技
01023,時代集團控股
01024,快手－Ｗ
01025,嘉藝控股
01026,環球實業科技
01027,中國集成控股
01028,千百度
01029,鐵貨
01030,新城發展
01033,中石化油服
01034,富匯國際集團控股
01036,萬科海外
01037,雲智匯科技
01038,長江基建集團
01039,暢由國際集團
01044,恒安國際
01045,亞太衛星
01046,寰宇娛樂文化
01047,毅興行
01049,時富投資
01050,嘉利國際
01051,國際資源
01052,越秀交通基建
01053,重慶鋼鐵股份
01055,中國南方航空股份
01057,浙江世寶
01058,南粵控股
01059,看通集團
01060,大麥娛樂
01061,億勝生物科技
01062,國開國際投資
01063,新確科技
01064,中華國際
01065,天津創業環保股份
01066,威高股份
01068,雨潤食品
01069,中國健康科技集團
01070,ＴＣＬ電子
01071,華電國際電力股份
01072,東方電氣
01073,大禹金融
01075,首都信息
01079,松景科技
01080,勝利管道
01082,源宇宙教育
01083,港華智慧能源
01084,綠新生物科技
01085,亨鑫科技
01086,好孩子國際
01087,威訊控股
01088,中國神華
01090,大明國際
01091,南方錳業
01093,石藥集團
01094,承輝國際
01097,有線寬頻
01098,路勁
01099,國藥控股
01100,飛達控股
01101,華榮能源
01102,環能國際
01104,亞太資源
01105,星島
01107,當代置業
01108,凱盛新能
01109,華潤置地
01110,金活醫藥集團
01111,華視集團控股
01112,Ｈ＆Ｈ國際控股
01113,長實集團
01114,BRILLIANCE CHI
01115,西藏水資源
01116,慧源同創科技
01117,現代牧業
01118,高力集團
01119,創夢天地
01120,雅視光學
01121,金陽新能源
01122,慶鈴汽車股份
01123,中港照相
01124,沿海家園
01125,麗豐控股
01126,德林國際
01127,獅子山集團
01128,永利澳門
01129,中國水業集團
01130,中國環境資源
01132,橙天嘉禾
01133,哈爾濱電氣
01134,恒發光學
01137,香港科技探索
01138,中遠海能
01140,華科智能投資
01141,民銀資本
01142,能源及能量環球
01143,中國儲能科技發展
01145,勇利投資
01146,匯成國際控股
01147,伊登軟件
01148,新晨動力
01150,米蘭站
01152,正乾金融控股
01153,佳源服務
01156,CHINANEWENERGY
01157,中聯重科
01159,智數科技集團
01160,金石資本集團
01161,奧思集團
01162,瑩嵐集團
01163,虎視傳媒
01164,中廣核礦業
01165,順風清潔能源
01166,星凱控股
01167,加科思－Ｂ
01168,Z FIN
01170,信星集團
01171,兗礦能源
01172,融太集團
01173,威高國際
01176,珠光控股
01177,中國生物製藥
01179,華住集團－Ｓ
01180,匯彩控股
01181,唐宮中國
01182,勝龍國際
01183,澳能建設
01184,S.A.S. DRAGON
01185,中國航天萬源
01186,中國鐵建
01188,正道集團
01189,大灣區聚變力量
01193,華潤燃氣
01195,京維集團
01196,偉祿集團
01198,皇朝家居
01199,中遠海運港口
01200,美聯集團
01201,天臣控股
01202,四威科技
01203,廣南（集團）
01204,博維智慧
01205,中信資源
01206,同方泰德
01208,五礦資源
01209,華潤萬象生活
01211,比亞迪股份
01213,萬保剛集團
01215,開源控股
01216,中原銀行
01217,中國創新投資
01218,永義國際
01220,志道國際
01221,SINO HOTELS
01222,WANG ON GROUP
01223,新灃集團
01224,中渝置地
01225,隆成金融
01226,中國投融資
01228,北海康成－Ｂ
01229,南南資源
01231,新礦資源
01232,金輪天地控股
01233,時代中國控股
01234,中國利郎
01235,專業旅運
01237,中科生物
01238,寶龍地產
01239,TEAMWAY INTL GP
01240,青建國際
01241,雙樺控股
01243,宏安地產
01244,思路迪醫藥股份
01245,NIRAKU
01246,保集健康
01247,米格國際控股
01250,山高新能源
01251,華油能源
01252,中國天瑞水泥
01253,中國綠地博大綠澤
01255,ＴＡＴＡ健康
01257,中國光大綠色環保
01258,中國有色礦業
01259,未來發展控股
01260,皓天財經集團
01262,蠟筆小新食品
01263,栢能集團
01265,天津津燃公用
01268,美東汽車
01269,首控集團
01270,朗廷－ＳＳ
01271,佳明集團控股
01272,大唐環境
01273,香港信貸
01274,知行科技
01276,恒瑞醫藥
01277,力量發展
01278,中國新城鎮
01280,奇點國峰
01281,鑫達投資控股
01282,中澤豐
01283,高陞集團控股
01284,新傳企劃
01285,嘉士利集團
01286,鷹普精密
01288,農業銀行
01289,盛力達科技
01290,中國匯融
01292,長安民生物流
01293,廣匯寶信
01298,雲能國際
01299,友邦保險
01300,俊知集團
01301,德基科技控股
01302,先健科技
01303,滙力資源
01304,FORTIOR
01305,偉志控股
01308,海豐國際
01310,香港寬頻
01312,華控康泰
01313,華潤建材科技
01314,翠華控股
01315,綠色經濟
01316,耐世特
01317,楓葉教育
01318,毛戈平
01319,靄華押業信貸
01321,中國新城市
01323,華盛國際控股
01326,傳遞娛樂
01327,勵時集團
01328,金涌投資
01330,綠色動力環保
01332,透雲生物
01333,博雷頓
01334,瑞昌國際控股
01335,順泰控股
01336,新華保險
01338,霸王集團
01339,中國人民保險集團
01340,惠生國際
01341,昊天國際建投
01343,偉源控股
01345,上海先鋒控股
01346,利華控股集團
01347,華虹半導體
01348,滉達富控股
01349,復旦張江
01351,輝煌明天
01354,經發物業
01355,朸濬國際
01357,美圖公司
01358,普華和順
01359,中國信達
01361,３６１度
01362,新龍移動
01364,古茗
01368,特步國際
01370,奧威控股
01371,中國生態旅遊
01372,中國碳中和
01373,國際家居零售
01375,中州證券
01376,RAFFLESINTERIOR
01378,中國宏橋
01379,温嶺工量刃具
01380,中國金石
01382,互太紡織
01385,上海復旦
01388,安莉芳控股
01389,美捷滙控股
01393,恒鼎實業
01395,強泰環保
01396,粵港灣控股
01397,碧瑤綠色集團
01398,工商銀行
01399,銳信控股
01400,滿地科技股份
01401,未來機器有限公司
01402,超智能控股
01405,達勢股份
01406,清晰醫療
01407,交運燃氣
01408,濠江機電
01410,安領國際
01412,雋思集團
01413,鑄帝控股
01415,高偉電子
01416,CTR HOLDINGS
01417,浦江中國
01418,盛諾集團
01419,盈健醫療
01420,川控股
01421,恒昌集團國際
01425,捷隆控股
01427,中國天保集團
01428,耀才證券金融
01429,天任集團
01431,原生態牧業
01432,中國聖牧
01433,常達控股
01440,應星控股
01442,鷹輝物流
01443,富臨集團控股
01446,鴻福堂
01447,新福港
01448,福壽園
01449,立德教育
01450,交個朋友控股
01451,萬成集團股份
01452,迪諾斯環保
01455,科利實業控股
01456,國聯民生
01458,周黑鴨
01459,巨匠建設
01460,揚科集團
01461,中泰期貨
01463,C-LINK SQ
01466,佰金生命科學
01468,京基金融國際
01470,富一國際控股
01471,眾淼控股
01472,生興控股
01473,環聯連訊
01475,日清食品
01476,恒投證券
01477,歐康維視生物－Ｂ
01478,丘鈦科技
01480,恩達集團控股
01481,竣球控股
01483,網譽科技
01486,思城控股
01488,百福控股
01489,GC CONSTRUCTION
01490,車市科技
01495,集一控股
01496,亞積邦租賃
01497,燕之屋
01498,培力農本方
01499,歐科雲鏈
01500,現恆建築
01501,瑛泰醫療
01502,金融街物業
01508,中國再保險
01513,麗珠醫藥
01515,華潤醫療
01516,融創服務
01518,新世紀醫療
01519,極兔速遞－Ｗ
01520,天機控股
01521,方達控股
01522,京投交通科技
01523,珩灣科技
01525,建橋教育
01526,瑞慈醫療
01527,天潔環境
01528,紅星美凱龍
01529,樂氏國際控股
01530,三生製藥
01532,中國派對文化
01536,煜榮集團
01538,中奧到家
01539,知行集團控股
01540,澳獅環球
01541,宜明昂科－Ｂ
01542,台州水務
01543,中盈盛達融資擔保
01545,設計都會
01546,德萊建業
01547,IBI GROUP HLDGS
01548,金斯瑞生物科技
01549,永豐集團控股
01551,廣州農商銀行
01552,BHCC HOLDING
01553,邁科管業
01555,ＭＩ能源
01556,建業建榮
01557,劍虹集團控股
01559,均安控股
01560,星星集團
01561,聯洋智能控股
01563,友聯國際教育租賃
01565,成實外教育
01566,華夏文化科技
01568,承達集團
01569,民生教育
01570,偉業控股
01571,信邦控股
01572,中國藝術金融
01575,皇庭智家
01576,齊魯高速
01577,匯鑫小貸
01578,天津銀行
01579,頤海國際
01580,大森控股
01581,進昇集團控股
01582,華營建築
01583,親親食品
01585,雅迪控股
01586,力鴻檢驗
01587,欣融國際
01588,暢捷通
01591,汛和集團
01592,基石控股
01593,辰林教育
01596,翼辰實業
01597,納泉能源科技
01598,２１世紀教育
01599,城建設計
01600,天倫燃氣
01601,中關村科技租賃
01606,國銀金租
01608,偉能集團
01610,中糧家佳康
01611,新火科技控股
01612,永勝醫療
01613,協同通信
01615,奧邦建築
01616,一元宇宙
01617,南方通信
01618,中國中冶
01620,富盈環球集團
01621,域高國際控股
01622,力高集團
01623,海隆控股
01626,嘉耀控股
01627,安保工程控股
01629,冠均國際控股
01630,建成控股
01631,REF HOLDINGS
01632,民商創科
01633,上諭集團
01635,大眾公用
01636,中國金屬利用
01637,順興集團控股
01638,佳兆業集團
01640,千循科技
01643,現代中藥集團
01645,海納智能
01647,雄岸科技
01650,HYGIEIA GROUP
01651,津上機床中國
01652,福森藥業
01653,MOS HOUSE
01655,OKURA HOLDINGS
01656,億仕登控股
01657,樺欣控股
01658,郵儲銀行
01660,兆邦基生活
01661,中國前沿科技集團
01662,義合控股
01663,漢港控股
01666,同仁堂科技
01667,迪米生活控股
01668,華南城
01669,環球信貸集團
01671,天保能源
01672,歌禮製藥－Ｂ
01673,華章科技
01675,亞信科技
01676,高地股份
01679,瑞斯康集團
01680,澳門勵駿
01681,康臣葯業
01682,杭品生活科技
01683,曠逸國際
01685,博耳電力
01686,新意網集團
01689,華禧控股
01690,立基工程控股
01691,ＪＳ環球生活
01692,登輝控股
01693,璋利國際
01695,椰豐集團
01696,復銳醫療科技
01697,山東國信
01698,騰訊音樂－ＳＷ
01701,途屹控股
01702,東光化工
01703,維力生活科技
01705,賓仕國際
01707,致浩達控股
01708,三寶科技
01709,德林控股
01710,致豐工業電子
01711,歐化
01712,龍資源
01713,四川能投發展
01715,智慧健康科技
01716,毛記葵涌
01717,澳優
01718,宏基集團控股
01719,中國通商集團
01720,普天通信集團
01721,FSM HOLDINGS
01722,建鵬控股
01723,恆月控股
01725,洲際航天科技
01726,HKE HOLDINGS
01727,河北建設
01728,正通汽車
01729,匯聚科技
01730,LHN
01731,其利工業集團
01732,象興國際
01733,易大宗
01735,中環新能源
01736,中國育兒網絡
01737,亞洲實業集團
01738,飛尚無煙煤
01739,齊屹科技
01740,新石文化
01741,成志控股
01742,HPC HOLDINGS
01745,驢跡科技
01746,萬順集團控股
01747,HOME CONTROL
01748,信源企業集團
01749,杉杉品牌
01750,全達電器集團控股
01751,景聯集團
01752,澳洲成峰高教
01753,兌吧
01755,新城悅服務
01756,中國科教產業
01757,俊裕地基
01758,博駿教育
01759,中油潔能控股
01760,英恒科技
01762,萬咖壹聯
01763,中國同輻
01765,希教國際控股
01766,中國中車
01767,TS WONDERS
01769,思考樂教育
01771,新豐泰集團
01772,贛鋒鋰業
01773,天立國際控股
01775,精英匯集團
01776,廣發証券
01777,花樣年控股
01778,彩生活
01780,榮尊國際控股
01782,國際商業數字技術
01785,成都高速
01786,鐵建裝備
01787,山東黃金
01788,國泰君安國際
01789,愛康醫療
01790,達力環保
01792,CMON
01793,偉工控股
01795,亞東集團
01796,中國數智科技
01797,東方甄選
01798,大唐新能源
01799,新特能源
01800,中國交通建設
01801,信達生物
01802,文業集團
01803,北京體育文化
01808,企展控股
01809,浦林成山
01810,小米集團－Ｗ
01811,中廣核新能源
01812,晨鳴紙業
01813,合景泰富集團
01815,珠峰黃金
01816,中廣核電力
01817,慕尚集團控股
01818,招金礦業
01820,濟豐包裝
01822,中木國際
01823,華昱高速
01825,STERLING GP
01826,豐展控股
01827,卓珈控股
01828,富衛集團
01830,完美醫療
01831,十方控股
01832,海天地悅旅
01833,平安好醫生
01835,瑞威資管
01836,九興控股
01837,五谷磨房
01841,優越集團控股
01842,植華集團
01843,快餐帝國
01845,維港環保科技
01846,德視佳
01847,雲南建投混凝土
01848,中國飛機租賃
01849,秀商時代控股
01850,鴻盛昌資源
01851,銀杏教育
01853,春城熱力
01854,中國萬天控股
01855,中慶股份
01856,依波路
01857,中國光大水務
01858,春立醫療
01860,匯量科技
01861,保寶龍科技
01862,景瑞控股
01863,中國龍天集團
01865,鵬高控股集團
01866,中國心連心化肥
01867,標準發展集團
01868,同方友友
01869,貓屎咖啡控股
01870,益美國際控股
01871,向中國際
01872,冠轈控股
01873,維亞生物
01875,東曜藥業－Ｂ
01876,百威亞太
01877,君實生物
01878,南戈壁
01880,中國中免
01882,海天國際
01883,中信國際電訊
01884,ＥＰＲＩＮＴ集團
01888,建滔積層板
01889,三愛健康集團
01890,中國科培
01891,興合控股
01894,恒益控股
01895,鑫苑服務
01896,貓眼娛樂
01897,美亨實業
01898,中煤能源
01899,興達國際
01900,中國智能交通
01901,飛揚集團
01903,JBB BUILDERS
01905,海通恆信
01906,博尼控股
01907,中國旭陽集團
01908,建發國際集團
01909,火岩控股
01910,新秀麗
01911,華興資本控股
01912,康特隆
01913,普拉達
01915,泰和小貸
01916,江西銀行
01917,豆盟科技
01918,融創中國
01919,中遠海控
01920,中國網成
01921,達力普控股
01922,瑞森生活服務
01925,曠世芳香
01927,久久王
01928,金沙中國有限公司
01929,周大福
01930,勛龍
01931,華檢醫療
01932,中漆集團
01933,元力控股
01935,嘉宏教育
01936,利特米
01937,佳辰控股
01938,珠江鋼管
01939,上善黃金
01940,CGII HLDGS
01941,燁星集團
01942,馬可數字科技
01943,金石控股集團
01945,清科控股
01947,美皓集團
01948,優矩控股
01949,佰達國際控股
01950,帝王實業控股
01951,錦欣生殖
01952,雲頂新耀
01953,RIMBACO
01955,莊臣控股
01957,大人國際
01958,北京汽車
01959,世紀聯合控股
01960,TBKS HLDGS
01961,多牛科技
01962,訓修實業
01963,重慶銀行
01965,朗詩綠色生活
01966,中駿集團控股
01967,信懇智能
01968,興紡控股
01969,中國春來
01970,IMAX CHINA
01971,弘陽服務
01972,太古地產
01973,天圖投資
01975,新興印刷
01977,安樂工程
01978,敘福樓集團
01979,天寶集團
01980,天鴿互動
01981,華夏控股
01982,南旋控股
01983,瀘州銀行
01985,美高域
01986,彩客新能源
01987,BENG SOON MACH
01988,民生銀行
01991,大洋集團
01993,雅仕維
01995,永升服務
01996,弘陽地產
01997,九龍倉置業
01999,敏華控股
02000,晨訊科技
02001,新高教集團
02002,陽光紙業
02003,維信金科
02005,石四藥集團
02007,碧桂園
02008,鳳凰衛視
02009,金隅集團
02011,進騰集團
02012,陽光油砂
02013,微盟集團
02015,理想汽車－Ｗ
02016,浙商銀行
02017,滄海控股
02018,瑞聲科技
02019,德信中國
02020,安踏體育
02022,遊萊互動
02023,中國綠島科技
02025,瑞豐動力
02028,映美控股
02030,卡賓
02031,澳至尊
02033,時計寶
02038,富智康集團
02039,中集集團
02048,易居企業控股
02050,三花智控
02051,VALA
02057,中通快遞－Ｗ
02060,浦江國際
02066,盛京銀行
02068,中鋁國際
02076,ＢＯＳＳ直聘－Ｗ
02078,榮陽實業
02080,奧克斯國際
02086,高維科技
02088,西王置業
02096,先聲藥業
02097,蜜雪集團
02098,卓爾智聯
02099,中國黃金國際
02100,百奧家庭互動
02101,福祿控股
02102,德利機械
02105,來凱醫藥－Ｂ
02107,第一服務控股
02108,K2 F&B
02110,天成控股
02111,超盈國際控股
02112,恩典生命科技
02113,世紀集團國際
02116,江蘇創新
02119,捷榮國際控股
02120,康寧醫院
02121,創新奇智
02122,凱知樂國際
02125,稻草熊娛樂
02126,藥明巨諾－Ｂ
02127,匯森股份
02128,中國聯塑
02129,LEGION CONSO
02130,嘉泓物流
02131,云想科技
02132,譽燊豐控股
02135,瑞麗醫美
02136,利福中國
02137,騰盛博藥－Ｂ
02138,醫思健康
02139,甘肅銀行
02142,和鉑醫藥－Ｂ
02145,上美股份
02146,榮萬家
02147,正味集團
02149,貝克微
02150,奈雪的茶
02152,蘇新服務
02153,達豐設備
02155,森松國際
02156,建發物業
02157,樂普生物－Ｂ
02158,醫渡科技
02159,麥迪衛康
02160,心通醫療－Ｂ
02161,健倍苗苗
02162,康諾亞－Ｂ
02163,遠大住工
02165,領悅服務集團
02166,芯智控股
02167,天潤雲
02168,佳兆業美好
02169,滄港鐵路
02170,貝康醫療－Ｂ
02171,科濟藥業－Ｂ
02172,微創腦科學
02175,中國通才教育
02176,賽迪顧問
02177,優趣匯控股
02178,百勤油服
02179,瑞科生物－Ｂ
02180,萬寶盛華
02181,邁博藥業－Ｂ
02182,天長集團
02185,百心安－Ｂ
02186,綠葉製藥
02187,智欣集團控股
02188,泰坦能源技術
02189,嘉濤（香港）控股
02190,歸創通橋
02192,醫脈通
02193,萬景控股
02195,盈滙企業控股
02196,復星醫藥
02197,三葉草生物－Ｂ
02198,中國三江化工
02199,維珍妮
02202,萬科企業
02203,腦洞科技
02205,康橋悅生活
02208,金風科技
02209,喆麗控股
02210,京城佳業
02211,大健康國際
02212,高鵬礦業
02215,德信服務集團
02216,堃博醫療－Ｂ
02218,安德利果汁
02219,朝聚眼科
02221,創業集團控股
02222,雷士國際
02223,卡撒天嬌
02225,今海醫療科技
02226,老恒和釀造
02227,守益控股
02228,晶泰控股
02230,羚邦集團
02231,景業名邦集團
02232,晶苑國際
02233,西部水泥
02235,微泰醫療－Ｂ
02236,惠生工程
02237,中國石墨
02238,廣汽集團
02239,國微控股
02245,力勤資源
02246,快狗打車
02250,小黃鴨德盈
02251,鷹瞳科技－Ｂ
02252,微創機器人－Ｂ
02255,海昌海洋公園
02256,和譽－Ｂ
02257,聖諾醫藥－Ｂ
02258,華滋國際海洋
02259,紫金黃金國際
02260,環龍控股
02262,梁志天設計集團
02263,富石金融
02265,鴻承環保科技
02266,黎氏企業
02268,藥明合聯
02269,藥明生物
02270,德商產投服務
02271,眾安智慧生活
02273,固生堂
02276,康耐特光學
02279,雍禾醫療
02280,慧聰集團
02281,興瀘水務
02282,美高梅中國
02283,東江集團控股
02285,泉峰控股
02286,辰興發展
02288,宏基資本
02289,創美藥業
02291,心泰醫療
02293,百本醫護
02295,豐城控股
02297,潤邁德－Ｂ
02298,都市麗人
02299,百宏實業
02302,中核國際
02306,樂華娛樂
02307,錦興國際控股
02309,大象未來集團
02310,時代環球集團
02312,中國金融租賃
02313,申洲國際
02314,理文造紙
02315,百奧賽圖－Ｂ
02317,味丹國際
02318,中國平安
02319,蒙牛乳業
02320,合豐集團
02321,雙財莊
02322,新質數字
02323,融科控股
02324,首都創投
02325,雲康集團
02326,新源萬恒控股
02327,美瑞健康國際
02328,中國財險
02329,國瑞健康
02330,中國上城
02331,李寧
02333,長城汽車
02336,碩奧國際
02337,眾誠能源
02338,濰柴動力
02339,京西國際
02340,昇柏控股
02342,京信通信
02343,太平洋航運
02347,友和集團
02348,東瑞製葯
02349,中國城市基礎設施
02350,數科集團
02352,東原仁知服務
02355,寶業集團
02356,大新銀行集團
02357,中航科工
02358,久融控股
02359,藥明康德
02360,優品３６０
02361,中康控股
02362,金川國際
02363,通達宏泰
02367,巨子生物
02368,鷹美
02369,酷派集團
02370,力高健康生活
02371,創聯控股
02372,偉立控股
02373,美麗田園醫療健康
02376,魯商服務
02377,博奇環保
02378,保誠
02380,中國電力
02381,蜆壳電業
02382,舜宇光學科技
02383,ＴＯＭ集團
02385,讀書郎
02386,中石化煉化工程
02388,中銀香港
02389,北京健康
02390,知乎－Ｗ
02391,塗鴉智能－Ｗ
02392,玄武雲
02393,巨星醫療控股
02399,中國安儲能源
02400,心動公司
02402,億華通
02405,力盟科技
02407,高視醫療
02409,洲際船務
02410,同源康醫藥－Ｂ
02411,百果園集團
02415,梅斯健康
02416,易點雲
02418,德銀天下
02419,德康農牧
02420,子不語
02421,嘉創地產
02422,潤歌互動
02423,貝殼－Ｗ
02425,澳亞集團
02427,GUANZE MEDICAL
02429,友寶在線
02431,佑駕創新
02432,越疆
02433,中天湖南集團
02436,凌雄科技
02438,出門問問
02439,中寶新材
02440,迷策略
02442,怡俊集團控股
02443,汽車街
02448,恆宇集團
02450,淮北綠金股份
02451,綠源集團控股
02453,美中嘉和
02455,潤華服務
02457,步陽國際
02458,望塵科技控股
02459,昇能集團
02460,華潤飲料
02465,龍蟠科技
02469,粉筆
02473,喜相逢集團
02477,經緯天地
02479,天聚地合
02480,綠竹生物－Ｂ
02481,慧居科技
02482,維天運通
02483,Ｋ ＣＡＳＨ集團
02486,普樂師集團控股
02487,科笛－Ｂ
02488,元征科技
02489,集海資源
02490,樂艙物流
02495,聲通科技
02496,友芝友生物－Ｂ
02497,富景中國控股
02498,速騰聚創
02499,佛朗斯股份
02500,啓明醫療－Ｂ
02501,邁越科技
02502,金源氫化
02503,中深建業
02505,ＥＤＡ集團控股
02506,訊飛醫療科技
02507,西銳
02508,聖貝拉
02509,荃信生物－Ｂ
02510,德翔海運
02511,君聖泰醫藥－Ｂ
02512,雲工場
02515,天津建發
02516,泛遠國際
02517,鍋圈
02518,汽車之家－Ｓ
02519,傲基股份
02520,山西安裝
02521,升輝清潔
02522,一脈陽光
02525,禾賽－Ｗ
02528,尚晉國際控股
02529,泓盈城市服務
02530,紐曼思
02531,廣聯科技控股
02533,黑芝麻智能
02535,泓基集團
02536,百樂皇宮
02540,樂思集團
02543,大行科工
02545,中贛通信
02549,卡羅特
02550,宜搜科技
02551,晶科電子股份
02552,華領醫藥－Ｂ
02555,茶百道
02556,邁富時
02558,晉商銀行
02559,嘀嗒出行
02560,海螺材料科技
02561,維昇藥業－Ｂ
02562,獅騰控股
02563,華昊中天醫藥－Ｂ
02565,派格生物醫藥－Ｂ
02566,九源基因
02567,七牛智能
02569,舒寶國際
02570,重塑能源
02571,賽目科技
02573,新琪安
02576,太美醫療科技
02577,英諾賽科
02580,奧克斯電氣
02582,國富氫能
02583,西普尼
02585,夢金園
02586,多點數智
02587,健康之路
02588,中銀航空租賃
02589,滬上阿姨
02590,極智嘉－Ｗ
02591,銀諾醫藥－Ｂ
02592,撥康視雲－Ｂ
02593,草姬集團
02595,勁方醫藥－Ｂ
02596,宜賓銀行
02597,訊眾通信
02598,連連數字
02600,中國鋁業
02601,中國太保
02602,萬物雲
02603,吉宏股份
02605,METALIGHT
02607,上海醫藥
02608,陽光１００中國
02609,佰澤醫療
02610,南山鋁業國際
02611,國泰海通
02613,匯舸環保
02616,基石藥業－Ｂ
02617,藥捷安康－Ｂ
02618,京東物流
02619,香江電器
02621,手回集團
02623,愛德新能源
02625,江蘇宏信
02627,中慧生物－Ｂ
02628,中國人壽
02629,MIRXES-B
02631,天岳先進
02633,雅各臣科研製藥
02638,港燈－ＳＳ
02643,曹操出行
02648,安井食品
02651,大眾口腔
02656,健康１６０
02660,禪遊科技
02663,應力控股
02666,環球醫療
02668,百德國際
02669,中海物業
02678,天虹國際集團
02680,創陞控股
02682,潤利海事
02683,華新手袋國際控股
02688,新奧能源
02689,玖龍紙業
02696,復宏漢霖
02699,新明中國
02700,格林國際控股
02708,艾伯科技
02722,重慶機電
02727,上海電氣
02728,金泰能源控股
02738,華津國際控股
02772,中梁控股
02777,富力地產
02779,中國新華教育
02789,遠大中國
02798,久泰邦達能源
02799,中信金融資產
02858,易鑫集團
02863,高豐集團控股
02865,鈞達股份
02866,中遠海發
02869,綠城服務
02877,神威藥業
02878,晶門半導體
02880,遼港股份
02881,武漢有機
02882,金至尊集團
02883,中海油田服務
02885,彼岸控股
02886,濱海投資
02888,渣打集團
02889,博泰車聯
02892,萬城控股
02898,盛禾生物－Ｂ
02899,紫金礦業
02944,比亞迪股份－五百
02947,匯盈控股股權
03288,海天味業
03300,中國玻璃
03301,融信中國
03302,精技集團
03303,巨濤海洋石油服務
03306,江南布衣
03309,希瑪醫療
03311,中國建築國際
03313,雅高控股
03315,金邦達寶嘉
03316,濱江服務
03318,中國波頓
03319,雅生活服務
03320,華潤醫藥
03321,偉鴻集團控股
03322,永嘉集團
03323,中國建材
03326,保發集團
03328,交通銀行
03329,交銀國際
03330,靈寶黃金
03332,中生聯合
03336,巨騰國際
03337,安東油田服務
03339,中國龍工
03347,泰格醫藥
03348,中國鵬飛集團
03360,遠東宏信
03363,正業國際
03366,華僑城（亞洲）
03368,百盛集團
03369,秦港股份
03377,遠洋集團
03380,龍光集團
03382,天津港發展
03383,雅居樂集團
03389,亨得利
03390,滿貫集團
03393,威勝控股
03395,吉星新能源
03396,聯想控股
03398,華鼎控股
03399,粵運交通
03600,現代牙科
03601,魯大師
03603,信基沙溪
03606,福耀玻璃
03613,同仁堂國藥
03616,恒達集團控股
03618,重慶農村商業銀行
03623,中國金融發展
03626,HSSP INTL
03628,仁恒實業控股
03633,中裕能源
03638,亨利加集團
03639,億達中國
03650,KEEP
03658,新希望服務
03660,奇富科技－Ｓ
03662,星悅康旅
03666,上海小南國
03668,兗煤澳大利亞
03669,永達汽車
03677,正力新能
03678,弘業期貨
03680,瑞和數智
03681,中國抗體－Ｂ
03683,榮豐億控股
03686,祈福生活服務
03688,萊蒙國際
03689,康華醫療
03690,美團－Ｗ
03692,翰森製藥
03698,徽商銀行
03699,光大永年
03700,映宇宙
03708,中國供應鏈產業
03709,贏家時尚
03718,北控城市資源
03728,正利控股
03737,中智藥業
03738,阜博集團
03750,寧德時代
03759,康龍化成
03768,滇池水務
03773,銀盛數惠
03778,中國織材控股
03788,中國罕王
03789,御佳控股
03798,家鄉互動
03800,協鑫科技
03808,中國重汽
03813,寶勝國際
03816,ＫＦＭ金德
03818,中國動向
03822,三和建築集團
03828,明輝國際
03830,童園國際
03833,新疆新鑫礦業
03836,和諧汽車
03838,中國澱粉
03839,正大企業國際
03848,浩森金融科技
03858,佳鑫國際資源
03860,ＥＰＳ創健科技
03866,青島銀行
03868,信義能源
03869,弘和仁愛醫療
03877,中國船舶租賃
03878,VICON HOLDINGS
03880,泰德醫藥
03882,天彩控股
03883,中國奧園
03886,康健國際醫療
03888,金山軟件
03889,大成玉米集團
03893,易緯集團
03896,金山雲
03898,時代電氣
03899,中集安瑞科
03900,綠城中國
03903,瀚華金控
03908,中金公司
03913,合景悠活
03918,金界控股
03919,金力集團
03928,中國新零售供應鏈
03931,中創新航
03933,聯邦制藥
03938,ＬＦＧ投資控股
03939,萬國黃金集團
03958,東方證券
03963,融眾金融
03968,招商銀行
03969,中國通號
03978,卓越教育集團
03983,中海石油化學
03988,中國銀行
03989,首創環境
03990,美的置業
03991,長虹佳華
03993,洛陽鉬業
03996,中國能源建設
03997,電訊首科
03998,波司登
03999,大成食品
04332,AMGEN-T
04333,思科－Ｔ
04335,英特爾－Ｔ
04336,應用材料－Ｔ
04337,星巴克－Ｔ
04338,微軟－Ｔ
06030,中信証券
06033,電訊數碼控股
06036,光麗科技
06038,信越控股
06049,保利物業
06055,中煙香港
06058,興證國際
06060,眾安在綫
06063,智中國際
06066,中信建投証券
06068,光正教育
06069,盛業
06078,海吉亞醫療
06080,榮智控股
06083,環宇物流（亞洲）
06086,方舟健客
06088,FIT HON TENG
06090,不同集團
06093,和泓服務
06098,碧桂園服務
06099,招商證券
06100,同道獵聘
06108,新銳醫藥
06110,滔搏
06113,比特策略
06117,日照港裕廊
06118,奧星生命科技
06119,天源集團
06122,九台農商銀行
06123,圓通國際快遞
06127,昭衍新藥
06128,烯石電車新材料
06133,維太創科
06136,康達環保
06138,哈爾濱銀行
06158,正榮地產
06160,百濟神州
06162,天瑞汽車內飾
06163,彭順國際
06168,周六福
06169,宇華教育
06178,光大證券
06181,老鋪黃金
06182,乙德投資控股
06185,康希諾生物
06186,中國飛鶴
06188,迪信通
06189,愛得威建設集團
06190,九江銀行
06193,泰林科建
06196,鄭州銀行
06198,青島港
06199,貴州銀行
06288,FAST RETAIL-DRS
06601,朝雲集團
06603,IFBH
06606,諾輝健康
06608,百融雲－Ｗ
06609,心瑋醫療－Ｂ
06610,飛天雲動
06611,三巽集團
06613,藍思科技
06616,環球新材國際
06618,京東健康
06622,兆科眼科－Ｂ
06623,陸控
06626,越秀服務
06628,創勝集團－Ｂ
06633,青瓷遊戲
06638,金融壹賬通
06639,瑞爾集團
06655,華新水泥
06657,百望股份
06660,艾美疫苗
06661,湖州燃氣
06663,國際永勝集團
06666,恒大物業
06667,美因基因
06668,星盛商業
06669,先瑞達醫療－Ｂ
06676,找鋼集團－Ｗ
06677,遠洋服務
06680,金力永磁
06681,腦動極光－Ｂ
06682,第四範式
06683,巨星傳奇
06686,諾亞控股
06689,洪九果品
06690,海爾智家
06693,赤峰黃金
06696,多想雲
06698,星空華文
06699,時代天使
06805,金茂源環保
06806,申萬宏源
06808,高鑫零售
06811,太興集團
06812,永順控股香港
06816,瑞港建設
06818,中國光大銀行
06820,友誼時光
06821,凱萊英
06822,科勁國際
06823,香港電訊－ＳＳ
06826,昊海生物科技
06828,北京燃氣藍天
06829,龍昇集團控股
06830,華眾車載
06831,綠茶集團
06833,興科蓉醫藥
06838,盈利時
06839,雲南水務
06855,亞盛醫藥－Ｂ
06858,本間高爾夫
06860,指尖悅動
06862,海底撈
06865,福萊特玻璃
06866,佐力小貸
06868,天福
06869,長飛光纖光纜
06877,TE HEALTHCARE
06878,鼎豐集團汽車
06881,中國銀河
06882,東瀛遊
06883,穎通控股
06885,金馬能源
06886,HTSC
06887,東陽光藥
06888,英達公路再生科技
06889,DYNAM JAPAN
06890,康利國際控股
06893,衍生集團
06896,金嗓子
06898,中國鋁罐
06899,聯眾
06900,上坤地產
06908,宏光半導體
06909,百得利控股
06911,瀾滄古茶
06913,華南職業教育
06918,奇士達
06919,人瑞人才
06922,康灃生物－Ｂ
06928,萬馬控股
06929,業聚醫療
06933,新娛科控股
06936,順豐控股
06939,美佳音控股
06955,博安生物
06958,正榮服務
06959,長久股份
06960,雙登股份
06963,陽光保險
06966,中國萬桐園
06968,港龍中國地產
06969,思摩爾國際
06978,永泰生物－Ｂ
06979,珍酒李渡
06988,樂享集團
06989,卓越商企服務
06990,科倫博泰生物－Ｂ
06993,藍月亮集團
06996,德琪醫藥－Ｂ
06998,嘉和生物－Ｂ
06999,領地控股
07855,TECHSTARACQ-Z
08001,東方匯財證券
08003,世大控股
08005,裕興科技
08006,華泰瑞銀
08007,環球戰略集團
08013,ECI TECH
08017,捷利交易寶
08018,匯財金融投資
08019,皓文控股
08020,宏海控股集團
08021,匯隆控股
08023,鄺文記
08026,朗華國際集團
08027,吉輝控股
08028,天時資源
08029,帝國金融集團
08030,豐銀禾控股
08031,易通訊集團
08033,愛達利網絡
08035,駿高控股
08036,電子交易集團
08037,中國生物科技服務
08039,中國來騎哦
08040,快意智能
08041,中微智碼
08042,高奧士國際
08043,ATLINKS
08047,中國海洋發展
08048,御德國際控股
08049,吉林長龍藥業
08050,量子思維
08051,訊智海
08052,陸慶娛樂
08056,生活概念
08057,麥迪森控股
08059,朝威控股
08060,國聯通信
08062,俊盟國際
08063,環球大通集團
08065,高萌科技
08066,品創控股
08067,東方大學城控股
08069,飛道旅遊科技
08070,僑洋國際控股
08071,中彩網通控股
08072,羅馬元宇宙集團
08073,水發興業新材料
08076,新利軟件
08079,仍志集團控股
08080,北亞策略
08081,恆泰裕集團
08082,擎華控股
08083,有贊
08087,中國三三傳媒
08091,奧傳思維控股
08092,ITE HOLDINGS
08093,瓦普思瑞元宇宙
08095,北大青鳥環宇
08096,賞之味
08098,昌利控股
08100,名科國際
08103,ＨＭＶＯＤ視頻
08106,升華蘭德
08107,細葉榕科技
08111,中國科技產業集團
08112,基石金融
08113,時騰科技
08115,上海青浦消防
08117,中國基礎能源
08118,濠亮環球
08120,國農金融投資
08121,國恩控股
08123,華億金控
08125,中新控股
08126,Ｇ﹒Ａ﹒控股
08128,中國恒有源集團
08130,大地國際集團
08131,辰罡科技
08132,百能國際能源
08133,吉盛集團控股
08136,英馬斯集團
08137,洪橋集團
08139,長安仁恒
08140,人和科技
08143,金威醫療
08146,怡園酒業
08147,匯思太平洋
08148,悟喜生活
08149,浩德控股
08152,明樑控股
08156,國藥科技股份
08158,中國再生醫學
08159,新華聯合投資
08160,GOLDWAY EDU
08161,醫匯集團
08162,港銀控股
08163,聲揚集團
08168,寶積資本
08169,環康集團
08172,拉近網娛
08173,客思控股
08176,超人智能
08178,中國信息科技
08179,百利達集團控股
08181,港深智能管理
08186,曼妠
08187,積木集團
08188,駿傑集團控股
08189,泰達生物
08191,鴻偉亞洲
08193,亞太金融投資
08195,傳承教育集團
08196,福田股份
08198,加幂科技
08200,修身堂
08201,寶聯控股
08203,凱順控股
08205,交大慧谷
08206,神通機器人教育
08208,WMCH GLOBAL
08210,衍匯亞洲
08211,浙江永安
08213,榮暉控股
08215,FIRST CREDIT
08217,萬民好物
08218,毅高國際控股
08219,恆偉集團控股
08220,比高集團
08221,高裕金融
08222,壹照明
08223,紫元元
08225,中國醫療集團
08226,樹熊金融集團
08227,海天天綫
08229,未來數據集團
08232,CLASSIFIED GP
08237,華星控股
08238,惠陶集團
08239,首都金融控股
08241,英記茶莊集團
08245,善裕集團控股
08246,中華燃氣
08247,中生北控生物科技
08249,瑞遠智控
08250,都都控股
08257,靖洋集團
08262,宏強控股
08267,藍港互動
08268,智城發展控股
08269,富譽控股
08270,中國煤層氣
08271,環球數碼創意
08275,中國新消費集團
08277,駿東控股
08279,亞博科技控股
08280,中國數字視頻
08281,中國金典集團
08282,智傲控股
08283,中食民安
08285,森浩集團
08286,長城微光
08290,亞勢備份
08292,盛良物流
08293,星亞控股
08295,金慧科技
08296,中國生命集團
08297,海納星空科技
08299,大唐黃金
08300,今米房集團
08305,聖唐控股
08307,密迪斯肌
08308,古兜控股
08309,萬成環球控股
08310,鹽城港
08311,圓美光電
08313,杰地集團
08315,新都酒店
08316,中國紅包
08317,財華社集團
08319,思博系統
08320,沛然環保
08321,泰錦控股
08326,同景新能源
08328,信義儲電
08329,海王英特龍
08331,倍搏集團
08333,阿仕特朗金融
08337,直通電訊
08340,紫荊國際金融
08341,艾碩控股
08347,Ｆ８企業
08348,濱海泰達物流
08349,硅鑫集團
08350,立橋證券控股
08356,進業控股
08357,REPUBLIC HC
08360,簡樸新生活
08362,運興泰集團
08363,ＳＤＭ教育
08365,亦辰集團
08366,浙江聯合投資
08367,倩碧控股
08368,中國創意控股
08370,智昇集團控股
08371,嚐高美集團
08372,君百延集團
08373,靛藍星
08375,數盟資本
08377,維港育馬
08379,懶豬科技
08385,萬里印刷
08391,基石科技控股
08392,舍圖控股
08395,中顯智能齊家控股
08400,亞洲先鋒娛樂
08401,源想集團
08402,高原之寶
08403,天平道合
08406,中國口腔產業
08411,K W NELSON GP
08412,新愛德集團
08413,亞洲富思
08416,HM INTL HLDGS
08417,大地教育
08418,傲迪瑪汽車
08419,ＡＶ策劃推廣
08420,NEXION TECH
08422,ＷＴ集團
08423,CHI HO DEV
08425,興銘控股
08426,雅居投資控股
08427,萬順瑞強集團
08428,漢諾佳池
08429,華美樂樂
08430,春能控股
08431,浩柏國際
08432,太平洋酒吧
08436,德寶集團控股
08437,德斯控股
08439,新百利融資
08445,怡康泰工程集團
08446,耀星科技集團
08447,MS CONCEPT
08448,環球印館
08450,鉅京控股
08451,日光控股
08452,富銀融資股份
08455,禮建德集團
08456,民信國際控股
08460,基地錦標集團
08462,中安控股集團
08471,新達控股
08472,立高控股
08473,彌明生活百貨
08475,易站綠色科技
08476,大洋環球控股
08480,飛霓控股
08481,盛龍錦秀國際
08482,萬勵達
08483,名仕快相
08487,ISP GLOBAL
08489,裕程物流
08490,駿碼半導體
08491,COOL LINK
08493,龍皇集團
08495,1957 & CO.
08496,環球友飲智能
08500,天泓文創
08501,莊皇集團公司
08502,遠航港口
08507,愛世紀集團
08509,威揚酒業控股
08510,TOPSTANDARDCORP
08511,民富國際
08512,凱富善集團控股
08513,加和國際控股
08516,廣駿集團控股
08519,新享時代
08521,智雲國際控股
08525,百應控股
08526,榮豐集團亞洲
08527,聚利寶控股
08529,優博控股
08532,寶發控股
08535,熒德控股
08536,TL NATURAL GAS
08537,創輝珠寶
08540,勝利證券
08545,佰悅集團
08547,PACIFIC LEGEND
08572,華泰瑞銀股權
08601,寶燵控股
08603,亮晴控股
08606,倢冠控股
08611,九福來
08612,維亮控股
08613,東方支付集團控股
08616,新威工程集團
08619,NIU HOLDINGS
08620,亞洲速運
08621,METROPOLIS CAP
08622,華康生物醫學
08623,中國蜀塔
08627,旅橙文化
08629,集信國控
08631,裕豐昌控股
08635,大象控股集團
08637,元續科技
08645,比特元宇宙
08646,中國宏光
08657,TRUE PARTNER
08659,易和國際控股
08668,瀛海集團
09600,新紐科技
09606,映恩生物－Ｂ
09608,宋都服務
09616,東軟睿新集團
09618,京東集團－ＳＷ
09626,嗶哩嗶哩－Ｗ
09633,農夫山泉
09636,九方智投控股
09638,法拉帝
09639,榮利營造
09658,特海國際
09660,地平線機器人－Ｗ
09663,國鴻氫能
09666,金科服務
09668,渤海銀行
09669,北森控股
09676,十月稻田
09677,威海銀行
09678,雲知聲
09680,如祺出行
09686,熙康雲醫院
09688,再鼎醫藥
09689,金泰豐國際控股
09690,途虎－Ｗ
09696,天齊鋰業
09698,萬國數據－ＳＷ
09699,順豐同城
09857,檸萌影視
09858,優然牧業
09860,艾迪康控股
09863,零跑汽車
09866,蔚來－ＳＷ
09868,小鵬汽車－Ｗ
09869,海倫司
09877,健世科技－Ｂ
09878,匯通達網絡
09879,米高集團
09880,優必選
09881,容大科技
09882,永聯豐控股
09885,藥師幫
09886,叮噹健康
09887,維立志博－Ｂ
09888,百度集團－ＳＷ
09889,東莞農商銀行
09890,貪玩
09893,比優集團
09896,名創優品
09898,微博－ＳＷ
09899,網易雲音樂
09900,智雲科技建設
09901,新東方－Ｓ
09906,宏力醫療管理
09908,嘉興燃氣
09909,寶龍商業
09911,赤子城科技
09913,智勤控股
09916,興業物聯
09918,麗年國際
09919,艾德韋宣集團
09922,九毛九
09923,移卡
09926,康方生物
09928,時代鄰里
09929,澳達控股
09930,宏信建發
09933,GHW INTL
09936,稀美資源
09938,華和控股
09939,開拓藥業－Ｂ
09955,智雲健康
09956,安能物流
09958,力天影業
09959,聯易融科技－Ｗ
09960,康聖環球
09961,攜程集團－Ｓ
09963,高科橋
09966,康寧傑瑞製藥－Ｂ
09968,滙景控股
09969,諾誠健華
09973,奇瑞汽車
09978,方圓生活服務
09979,綠城管理控股
09982,中原建業
09983,建業新生活
09985,衛龍美味
09986,大山教育
09987,百勝中國
09988,阿里巴巴－Ｗ
09989,海普瑞
09990,祖龍娛樂
09991,寶尊電商－Ｗ
09992,泡泡瑪特
09993,金輝控股
09995,榮昌生物
09996,沛嘉醫療－Ｂ
09997,康基醫療
09998,光榮控股
09999,網易－Ｓ